{
    "loss": 0.16682906448841095,
    "accuracy": 0.9568965435028076
}